Archive ID for URL,Letter Number for another URL
109542,LFA2272
248608,LFA%20202
248610,LFA1517
248611,LFA%202096
248612,LFA2266
248613,LFA2279
248614,LFA2287
248615,LFA2337
248616,LFA2341
248617,LFA2392
248618,LFA2430
248620,LFA2464
248621,LFA2490
248622,LFA2523
248623,LFA2546
248624,LFA2563
248625,LFA2605
248626,LFA2653
248627,LFA2700
249615,LFA2238
249619,LFA2239
249623,LFA2240
249636,LFA2241
249637,LFA2250
249640,LFA2242
249646,LFA2243
249650,LFA2244
249654,LFA2245
249660,LFA2246
249666,LFA2247
249671,LFA2251
249676,LFA2252
249680,LFA2253
249686,LFA2254
249690,LFA2255
249694,LFA2256
249697,LFA2257
262861,LFA2258
262866,LFA2259
262870,LFA2260
262875,LFA2261
262881,LFA2262
262886,LFA2263
262897,LFA2264
262906,LFA2265
262913,LFA2267
263168,LFA2339
277981,LFA2268
277989,LFA2270
277993,LFA2273
277996,LFA2274
278002,LFA2290
278007,LFA2291
278011,LFA2292
278014,LFA2293
278017,LFA2294
278020,LFA2295
278025,LFA2296
283834,LFA%202301
283839,LFA2303
283844,LFA2304
283849,LFA2305
283855,LFA2306
283862,LFA2307
283865,LFA2308
283868,LFA2309
283873,LFA2310
283879,LFA2311
286910,LFA2322
287310,LFA2323
287315,LFA2324
287320,LFA2325
287327,LFA2326
287330,LFA2327
287340,LFA2328
287357,LFA2329
287375,LFA2331
287392,LFA2332
287845,LFA2343
287848,LFA2344
287852,LFA2345
287861,LFA2346
287867,LFA2347
287874,LFA2348
287878,LFA2349
287881,LFA2350
287886,LFA2351
287889,LFA2352
287892,LFA2333
287897,LFA2334
287901,LFA2335
306141,LFA2336
306147,LFA2338
306151,LFA2340
306164,LFA2342
306870,LFA2353
306874,LFA2354
306879,LFA2355
306884,LFA2357
306887,LFA2358
306891,LFA2359
306894,LFA2360
306900,LFA2361
306907,LFA2362
306911,LFA2363
306920,LFA2364
306923,LFA2365
306927,LFA2366
306931,LFA2367
306936,LFA2368
306940,LFA2369
306945,LFA2370
306949,LFA2371
306960,LFA2372
306965,LFA2373
307031,LFA2374
307037,LFA2375
326788,LFA2376
326810,LFA2377
326838,LFA2378
326842,LFA2379
327354,LFA2380
327377,LFA2381
327482,LFA2383
327486,LFA2384
327489,LFA2385
327493,LFA2386
329769,LFA2387
330678,LFA2388
330683,LFA2389
330685,LFA2390
330691,LFA2391
330698,LFA2393
330699,LFA2394
330704,LFA2395
332467,LFA2396
334413,LFA2397
334426,LFA2398
334441,LFA2399
334448,LFA2400
334458,LFA2401
334470,LFA2402
334477,LFA2403
334493,LFA2404
334613,LFA2405
334619,LFA2406
334623,LFA2407
334626,LFA2408
334732,LFA2409
334736,LFA2410
334743,LFA2411
334753,LFA2412
334763,LFA2413
334769,LFA2414
334806,LFA2415
334809,LFA2416
334812,LFA2417
334818,LFA2418
334848,LFA2419
334871,LFA2420
334874,LFA2421
334882,LFA2422
334891,LFA2423
334894,LFA2424
334948,LFA2425
334953,LFA2426
334968,LFA2427
334972,LFA2428
334973,LFA2429
335023,LFA2431
335031,LFA2432
335036,LFA2433
335041,LFA2434
368664,LFA338
371344,LFA500
371360,LFA1169
371363,LFA1179
371366,LFA1198
371370,LFA1239
371419,LFA1250
371422,LFA1264
371425,LFA1267
371428,LFA1280
371431,LFA1289
371442,LFA1317
371493,LFA1321
371497,LFA1340
371500,LFA1370
371529,LFA1379
371758,LFA1406
371761,LFA1414
371765,LFA1506
371768,LFA1524
371771,LFA1584
566729,LFA1011
566732,LFA706
566735,LFA794
566742,LFA%201360
566745,LFA%201362
566748,LFA%201560
566751,LFA1561
566755,LFA1562
566758,LFA1563
566761,LFA1565
566764,LFA1566
566767,LFA1567
566770,LFA1568
566773,LFA1569
566777,LFA1570
566780,LFA1574
566784,LFA1575
566787,LFA1576
566790,LFA1577
566793,LFA1578
566796,LFA1579
566799,LFA1580
566802,LFA1581
566805,LFA1582
566809,LFA1583
566812,LFA1586
566815,LFA1587
566819,LFA1588
566824,LFA1589
566831,LFA1590
566834,LFA1591
566837,LFA1593
566840,LFA1594
566843,LFA1595
566844,LFA1596
566847,LFA1598
566850,LFA1600
566853,LFA1602
566857,LFA1603
566860,LFA1604
566863,LFA1605
566866,LFA1606
566870,LFA1607
566874,LFA1608
566877,LFA1609
566880,LFA1610
566883,LFA1611
566886,LFA1645
566890,LFA1646
566893,LFA1648
566898,LFA1650
566901,LFA1651
566904,LFA1652
566907,LFA1653
566910,LFA1657
566913,LFA1658
566916,LFA1659
566919,LFA1660
566923,LFA1661
566926,LFA1662
566930,LFA1663
566933,LFA1664
566936,LFA1665
566939,LFA1666
566942,LFA1668
566949,LFA1669
566952,LFA1671
566955,LFA1672
566958,LFA1673
566961,LFA1676
566964,LFA1678
566967,LFA1679
566971,LFA1680
566974,LFA1681
566977,LFA1682
566980,LFA1684
566984,LFA1685
566987,LFA1686
566991,LFA1687
566997,LFA1690
567000,LFA1692
567003,LFA1693
567006,LFA1694
567009,LFA1695
567012,LFA1696
567015,LFA1697
567018,LFA1698
567021,LFA1700
567024,LFA1701
567026,LFA1702
567028,LFA1703
567031,LFA1707
567034,LFA1708
567037,LFA1710
567040,LFA1711
567043,LFA1712
567046,LFA1714
567051,LFA1715
567054,LFA1718
567057,LFA1721
567060,LFA1723
567063,LFA1724
567067,LFA1726
567070,LFA1728
567073,LFA1729
567076,LFA1731
567079,LFA1732
567084,LFA1733
567087,LFA1734
567090,LFA1736
567093,LFA1737
567096,LFA1738
567099,LFA1740
567102,LFA1742
567105,LFA1745
567109,LFA1748
567112,LFA1750
567115,LFA1751
567118,LFA1752
567121,LFA1754
567124,LFA1755
567127,LFA1758
567130,LFA1759
567133,LFA1760
567136,LFA1761
567139,LFA1762
567142,LFA1763
567145,LFA1764
567148,LFA1765
567151,LFA1767
567154,LFA1768
567157,LFA1769
567160,LFA1770
567164,LFA1771
567167,LFA1772
567192,LFA1775
567196,LFA1776
567199,LFA1777
567203,LFA1780
567206,LFA1781
567209,LFA1782
567212,LFA1783
567215,LFA1788
567218,LFA%201789
567221,LFA%201790
567224,LFA%201785
567227,LFA%201786
567230,LFA%201787
567233,LFA%201791
567236,LFA%201792
567239,LFA%201793
567242,LFA%201794
567245,LFA%201795
567248,LFA%201796
567251,LFA%201797
567257,LFA%201799
567261,LFA1800
567264,LFA%201801
567267,LFA%201802
567270,LFA%201803
567273,LFA%201804
567277,LFA%201805
567280,LFA%201806
567283,LFA%201807
567286,LFA%201808
567289,LFA%201809
567294,LFA%201811
567297,LFA%201812
567300,LFA%201813
567303,LFA%201814
567306,LFA%201815
567309,LFA%201816
567312,LFA%201818
567315,LFA%201819
567318,LFA%201820
567321,LFA%201821
567324,LFA%201822
567327,LFA%201823
567330,LFA%201824
567333,LFA%201825
567336,LFA%201827
567339,LFA%201828
567342,LFA%201829
567359,LFA%201830
567362,LFA%201831
567365,LFA%201832
567368,LFA%201833
567378,LFA%201834
567383,LFA%201835
567388,LFA%201836
567392,LFA%201841
567397,LFA%201842
567426,LFA%201843
567429,LFA1844
567432,LFA1845
567435,LFA1846
567438,LFA1847
567446,LFA1849
567465,LFA1850
567495,LFA1851
567499,LFA1852
567502,LFA1853
567505,LFA1854
567508,LFA1855
567511,LFA1856
567514,LFA1857
567517,LFA1858
567520,LFA1859
567523,LFA1860
567526,LFA1861
567529,LFA1862
567532,LFA1863
567535,LFA1864
567538,LFA1865
567541,LFA1866
567544,LFA1868
567547,LFA1869
567551,LFA1870
567554,LFA1871
567563,LFA1874
567567,LFA1875
567570,LFA1876
567573,LFA1877
567576,LFA1878
567579,LFA1879
567583,LFA1880
567588,LFA1881
567591,LFA1882
567594,LFA1883
567601,LFA1884
567604,LFA1885
567608,LFA1886
567611,LFA1887
567614,LFA1888
567617,LFA1889
567621,LFA1890
567624,LFA1891
567628,LFA1892
567631,LFA1893
567637,LFA1894
567640,LFA1895
567643,LFA1896
567647,LFA1897
567652,LFA1898
567655,LFA1899
567658,LFA%201900
567667,LFA%201901
567670,LFA%201902
567673,LFA%201903
567676,LFA%201904
567679,LFA%201905
567684,LFA%201906
567688,LFA%201907
567691,LFA%201908
567695,LFA%201909
567700,LFA%201910
567703,LFA%201911
567709,LFA%201912
567712,LFA%201913
567715,LFA%201914
567718,LFA%201915
567735,LFA%201916
567739,LFA%201917
567742,LFA%201918
567745,LFA%201919
567749,LFA%201920
567757,LFA%201921
567760,LFA%201922
567763,LFA%201923
567767,LFA%201924
567770,LFA%201925
567773,LFA%201926
567779,LFA%201929
567782,LFA%201930
567785,LFA%201931
567788,LFA%201932
567791,LFA%201933
567795,LFA%201934
567798,LFA%201935
567801,LFA%201936
567804,LFA%201937
567808,LFA%201938
567812,LFA%201939
567815,LFA%201940
567818,LFA%201941
567821,LFA%201942
567824,LFA%201943
567827,LFA%201944
567830,LFA%201945
567833,LFA%201946
567836,LFA%201947
567839,LFA%201948
567843,LFA%201949
567846,LFA%201950
567849,LFA%201951
567852,LFA%201952
567855,LFA%201953
567858,LFA%201954
567863,LFA%201955
567866,LFA%201956
567869,LFA%201957
567872,LFA%201958
567875,LFA%201959
567878,LFA%201961
567881,LFA%201963
567885,LFA%201964
567889,LFA%201965
567892,LFA%201966
567896,LFA%201967
567899,LFA%201968
567903,LFA%201969
567907,LFA%201970
567910,LFA%201971
567913,LFA%201972
567916,LFA%201973
567919,LFA%201974
567922,LFA%201975
567925,LFA%201976
567928,LFA%201977
567931,LFA%201985
567934,LFA%201987
567937,LFA%201988
567940,LFA%201989
567944,LFA%201990
567948,LFA%201991
567953,LFA%201992
567956,LFA%201993
567960,LFA%201994
567963,LFA%201998
567967,LFA%201999
567974,LFA%202000
567979,LFA%202001
567982,LFA%202002
567988,LFA%202003
567991,LFA%202004
567994,LFA%202005
567997,LFA%202006
568000,LFA%202007
568004,LFA%202008
568007,LFA%202009
568010,LFA%202010
568013,LFA%202011
568016,LFA%202012
568019,LFA%202013
568023,LFA%202015
568026,LFA%202017
568029,LFA%202018
568032,LFA%202019
568035,LFA%202021
568038,LFA%202022
568041,LFA%202023
568044,LFA%202024
568047,LFA%202025
568050,LFA%202026
568053,LFA%202027
568056,LFA%202029
568059,LFA%202030
568062,LFA%202034
568065,LFA%202035
568068,LFA%202036
568082,LFA%202037
568085,LFA%202038
568088,LFA%202039
568091,LFA%202040
568094,LFA%202041
568097,LFA%202042
568149,LFA%202044
568152,LFA%202045
568155,LFA%202046
568158,LFA%202047
568161,LFA%202048
568164,LFA%202049
568167,LFA%202050
568220,LFA%202051
568223,LFA%202052
568226,LFA%202053
LFA%202052
568229,LFA%202054
568232,LFA%202055
568235,LFA%202056
568238,LFA%202057
568241,LFA%202060
568244,LFA%202062
568252,LFA%202063
568255,LFA%202064
568258,LFA%202065
568261,LFA%202066
568264,LFA%202067
568267,LFA%202068
568282,LFA%202069
568285,LFA%202070
568288,LFA%202071
568292,LFA%202072
568296,LFA%202073
568301,LFA%202074
568305,LFA%202075
568309,LFA%202076
568314,LFA%202077
568318,LFA%202081
568369,LFA%202082
568372,LFA%202083
568376,LFA%202084
568383,LFA%202085
568387,LFA%202086
568409,LFA%202087
568412,LFA%202088
568417,LFA%202090
568420,LFA%202091
568424,LFA%202093
568427,LFA%202092
568430,LFA%202094
568436,LFA%202097
568439,LFA%202098
568530,LFA%202099
568538,LFA%202100
568554,LFA%202101
568557,LFA%202102
568560,LFA%202103
568563,LFA%202104
568566,LFA%202105
568569,LFA%202107
568572,LFA%202108
568575,LFA%202109
568578,LFA%202110
568581,LFA%202111
568584,LFA%202112
568587,LFA%202113
568590,LFA%202114
568593,LFA%202115
568596,LFA%202116
568599,LFA%202117
568602,LFA%202118
568605,LFA%202119
568608,LFA%202120
568611,LFA%202121
568614,LFA%202122
568617,LFA%202123
568620,LFA%202124
568625,LFA%202126
568628,LFA%202127
568631,LFA%202128
568634,LFA%202129
568637,LFA%202130
568640,LFA%202131
568643,LFA%202132
568646,LFA%202133
568649,LFA%202134
568652,LFA%202135
LFA%202134
568655,LFA%202136
568658,LFA%202137
568662,LFA%202138
568665,LFA%202139
568668,LFA%202140
568671,LFA%202141
568674,LFA%202142
97444,LFA2248
97821,LFA2249
