PID,Archive ID for URL
p00yh7j3,109542
b0089kdd,248608
p00yqqwm,248610
p00ydtg7,248611
p00yh7mn,248612
p00yh7ff,248613
p00yh7d9,248614
p00ylf0m,248615
p00yldzm,248616
p00yljgh,248617
p00yktjj,248618
b008czxp,248620
p00yjvj3,248621
p00yj9j0,248622
p00yj9wb,248623
p00yjfyt,248624
p00symxc,248625
p00sym0r,248626
p00szry7,248627
p00yh873,249615
p00yh86q,249619
p00yh84q,249623
p00yh83q,249636
p00yh7zb,249637
p00yh82v,249640
p00yh821,249646
p00yh81h,249650
p00yh80h,249654
p00yh809,249660
p00yh801,249666
p00yh7yk,249671
p00yh7xn,249676
p00yh7vc,249680
p00yh7tt,249686
p00yh8b1,249690
p00yh7t2,249694
p00yh7qz,249697
p00yh7q9,262861
p00yh7pp,262866
p00yh7nz,262870
p00yh7nf,262875
p00yh89c,262881
p00yh7n9,262886
p00yh7n1,262897
p00yh7mv,262906
p00yh7ll,262913
p00ylf03,263168
p00yh7l2,277981
p00yh7jt,277989
p00yh7hr,277993
p00yh7h7,277996
p00ylfr3,278002
p00ylfqm,278007
p00ylfq1,278011
p00ylfnv,278014
p00ylfn0,278017
p00ylfm5,278020
p00ylg1w,278025
p00ylfhn,283834
p00z2lj7,283839
p00ylfh2,283844
p00z2lly,283849
p00z2lnq,283855
p00ylfgk,283862
p00ylfg2,283865
p00ylffn,283868
p00z2lv4,283873
p00ylff2,283879
p00ylg64,286910
p00ylf7z,287310
p00ylf7l,287315
p00ylf76,287320
p00ylf6w,287327
p00ylf69,287330
p00ylf5n,287340
p00ylf4v,287357
p00ylf3q,287375
p00z2p1p,287845
p00ylk8m,287848
p00ylk79,287852
p00ylk65,287861
b008cpb3,287867
p00ylk5c,287874
p00ylk4y,287878
p00ylk4p,287881
p00ylk41,287886
p00ylk36,287889
p00ylf29,287892
p00ylg6r,287897
p00ylf1g,287901
p00ylf0z,306141
p00ylf0f,306147
p00yldzv,306151
p00yldz2,306164
p00ylk2b,306870
p00ylk1v,306874
p00ylk0t,306879
p00yljzm,306884
p00yljyf,306887
p00yljxx,306891
p00yljxf,306894
p00yljwk,306900
p00yljvk,306907
p00yljv0,306911
p00yljt6,306920
p00yljs7,306923
p00yljrn,306927
p00yljqy,306931
p00yljq5,306936
p00yljpf,306940
p00yljp4,306945
p00yljnr,306949
p00yljn9,306960
p00yljmz,306965
p00yljmv,307031
p00yljmp,307037
p00yljmg,326788
p00yljm8,326810
p00yljlx,326838
p00yljlm,326842
p00ylkv1,327354
p00yljl9,327377
p00yljkz,327482
p00ylktr,327486
p00yljk,327489
p00yljk7,327493
p00yljjm,329769
p00yljjm,330678
p00yljhj,330683
p00yljgz,330685
p00yljgr,330691
p00yljgc,330698
p00yljg5,330699
p00yktz2,330704
p00ykty7,332467
p00yktb6,334413
p00yktx7,334426
p00yktw7,334441
p00yktvg,334448
p00ykttr,334458
p00ykt9g,334470
p00yktt5,334477
p00yktsk,334493
p00ykv58,334613
p00yktry,334619
p00yktrc,334623
p00yktql,334626
p00yktpr,334732
p00yktnq,334736
p00yktn8,334743
p00ykt8v,334753
p00ykw7p,334763
p00ykwb0,334769
p00ykt88,334806
p00yktmg,334809
p00ykt7n,334812
p00yktlp,334818
p00yktl2,334848
p00ykx7s,334871
p00yktkw,334874
p00ykt7g,334882
p00yktkp,334891
p00yktkf,334894
p00yktk4,334948
p00ykt75,334953
p00yky9n,334968
p00yktjt,334972
p00yktjn,334973
p00yktjc,335023
p00ykyf7,335031
p00ykt6y,335036
p00yktj6,335041
p00yqgp4,368664
p00yqgsb,371344
p00yqkgk,371360
p00yqklc,371363
p00yqkt5,371366
p00yqkx0,371370
p00yql91,371419
p00yqlck,371422
p00yqlgq,371425
p00yqly0,371428
p00yqm9h,371431
p00yqms1,371442
p00yqn04,371493
p00yqnzc,371497
p00yqpqm,371500
p00yqprx,371529
p00yqpyr,371758
p00yqq4r,371761
b0089kv4,371765
p00yqr49,371768
p00yqr90,371771
p00yqjy8,566729
p00yqhn1,566732
p00yqhr6,566735
b03z8qk1,566742
b03z8qk5,566745
b040bwfv,566748
b040bwfx,566751
b040bwfz,566755
b040bwg1,566758
b040bx2y,566761
b040bx30,566764
b040bx32,566767
b040bxlg,566770
b040bxlj,566773
b040bxll,566777
b040bxnp,566780
b040bxnr,566784
b040bxnt,566787
b040bxnw,566790
b040bxq2,566793
b040bxq4,566796
b040bxq6,566799
b040bxxf,566802
b040by86,566805
b040by88,566809
b040byds,566812
b040bydv,566815
b040bydx,566819
b040bydz,566824
b040byhl,566831
b040byhn,566834
b040byhs,566837
b040byhv,566840
b040h3r0,566843
b040h3r2,566844
b040h3r4,566847
b040h3rv,566850
b040h3rx,566853
b040h3xj,566857
b040h3xl,566860
b040h3xn,566863
b040h3xq,566866
b040h3xs,566870
b040h40h,566874
b040h40k,566877
b040h40m,566880
b040h40p,566883
b043w4kj,566886
b043w4kl,566890
b043w4q8,566893
b043w4qb,566896
b043w4tz,566898
b043w4v1,566901
b043w54f,566904
b043w54h,566907
b043w54r,566910
b043w54t,566913
b043w54w,566916
b043w5mn,566919
p00ydlgg,566923
b043w5ms,566926
b043w5mv,566930
b043w5mx,566933
b043w5sq,566936
b043w5ss,566939
b043w6jk,566942
b043w6jm,566946
b043w6jp,566949
b043w7w0,566952
b043w7w2,566955
b043w82d,566958
b043w96x,566961
b043w9jt,566964
b043w9jw,566967
b043w9jy,566971
b043w9ms,566974
b043wb1f,566977
b043wb1k,566980
b043wb1m,566984
b043wb1p,566987
b043wb1r,566991
b043wclq,566994
,b043wclq
b043wd7r,566997
b043wgjd,567000
b043wgjg,567003
b043wgjj,567006
p00ydlqq,567009
b043whtv,567012
b043whtx,567015
b043whtz,567018
b043wjkb,567021
b043wjkj,567028
b043wmdp,567031
b043wmdr,567034
b043wnjv,567037
b043wpxz,567040
b043wq0t,567043
b043wt32,567046
b043wt34,567051
b043wtlb,567054
b043wtsj,567057
b043wtsn,567060
b043wtsq,567063
b043wv6l,567067
b043wv6q,567070
b043wv6s,567073
b043wvcw,567076
b043wvcy,567079
b043wvd0,567084
b043wvmm,567087
b043wvmr,567090
b043wvmt,567093
b043wvmw,567096
b043wvst,567099
b043wvsy,567102
b043wvw7,567105
b043ww1d,567109
b043ww1g,567112
b043ww1j,567115
b043wwvj,567118
b043wwvn,567121
b043wwvq,567124
b043wwvx,567127
b043wwvz,567130
b043www1,567133
b043www3,567136
b043www5,567139
b043www7,567142
b043wx01,567145
b043wx28,567148
b043wx2d,567151
b043wx37,567154
b043wx7t,567157
b043wx7w,567160
b043wx7y,567164
b043wx80,567167
b043wy8n,567192
b043wyjb,567196
p00ydmq5,567199
b043wzvd,567203
b043wzvg,567206
b043wzvj,567209
b043wzvl,567212
b043wzvq,567215
b043wzvs,567218
b043x04x,567221
b043x04z,567224
b043x051,567227
b043x053,567230
p00ydmnl,567233
b043x8nw,567236
b043x8ny,567239
b043x8p0,567242
b043x8p2,567245
b043x8p4,567248
p00ydmn9,567251
p00ydmn5,567255
b043x8v1,567257
p00ydmmy,567261
b043x8v5,567264
b043x8v7,567267
b043x9zv,567270
p00ydmmt,567273
b043x9zz,567277
b043xb01,567280
b043xb03,567283
p00ydmmp,567286
b043xb07,567289
p00ydmmk,567292
b043xb2f,567294
b043xbns,567297
p00ydmmc,567300
b043xbrj,567303
p00ydmm7,567306
b043xbrn,567309
b043xbxt,567312
p00ydmm2,567315
p00ydndy,567318
b043xc03,567321
b043xc05,567324
b043xc3w,567327
b043xcbn,567330
b043xcbq,567333
b043xcbv,567336
p00ydn94,567339
b043xcbz,567342
b043xcfk,567359
b043xcfm,567362
b043xcnd,567365
p00ydn8k,567368
b043xcnj,567378
b043xcw3,567383
b043xcw5,567388
b043xd4j,567392
b043xdc9,567397
b043xdcc,567426
b043xdcf,567429
b043xdch,567432
p00ydn7y,567435
b043xdh3,567438
b043xdh5,567441
p00ydn7j,567446
b043xdm0,567465
b043xf0v,567495
b043xf0x,567499
b043xf0z,567502
b043xf11,567505
p00ydn6x,567508
b043xf16,567511
b043xf18,567514
b043xf1c,567517
b043xf1g,567520
p00ydn6s,567523
p00ydn6n,567526
b043xf1p,567529
b043xf3d,567532
p00ydn6j,567535
p00ydn6d,567538
b043xffd,567541
b043xfrr,567544
b043xgcr,567547
b043xgct,567551
b043xgcw,567554
b043xgr8,567563
p00ydpdq,567567
b043xjcv,567570
b043xjfl,567573
b043xjfn,567576
b043xjfq,567579
b043xjps,567583
b043xjpv,567588
b043xkc1,567591
b043xkc3,567594
b043xkc5,567601
b043xkqb,567604
b043xkqd,567608
b043xkqg,567611
b043xkqj,567614
b043xkql,567617
b043xksz,567621
b043xkt1,567624
b043xkt3,567628
b043xkt5,567631
b043xkw1,567637
b043xkw3,567640
b043xky6,567643
b043xky8,567647
b043xkyb,567652
b043xkyd,567655
b043xl0p,567658
b043xl0r,567667
b043xl0t,567670
p00ydpdj,567673
b043xl95,567676
p00ydpd6,567679
b043xl99,567684
p00ydpcy,567688
p00ydpcm,567691
b043xmrs,567695
p00ydpcc,567700
p00ydpc4,567703
b043xnc3,567709
b043xnc5,567712
b043xnc7,567715
b043xnc9,567718
b043xnd7,567735
b043xp7s,567739
b043xp7v,567742
b043xp7x,567745
b043xp7z,567749
b043xp81,567757
b043xp83,567760
b043xp85,567763
b043xp89,567767
b043xphk,567770
b043xphm,567773
b043xphq,567776
p00yrlf1,567779
b043xpl3,567782
b043xpl5,567785
b043xpr2,567788
b043xpr4,567791
b043xpr6,567795
b043xpr8,567798
b043xprb,567801
b043xprd,567804
p00yrk59,567808
b043xq16,567812
p00ydpjb,567815
b043xq1b,567818
b043xq2h,567821
b043xq2k,567824
p00ydphp,567827
b043xq9n,567830
b043xq9q,567833
b043xq9s,567836
b043xq9v,567839
b043xq9x,567843
p00ydph0,567846
b043xqb1,567849
b043xqb3,567852
b043xqb5,567855
p00ydpgf,567858
b043xqh7,567863
b043xqh9,567866
b043xqhc,567869
b043xqkz,567872
b043xql1,567875
b043xqt7,567878
b043xqtc,567881
b043xrnd,567885
p00ydpfr,567889
b043xsbh,567892
b043xsbk,567896
b043xsbm,567899
b043xsbp,567903
p00ydpf1,567907
b043xsbt,567910
b043xsbw,567913
b043xsd9,567916
b043xsdc,567919
b043xsdf,567922
b043xsdh,567925
b043xsjy,567928
p00ydql7,567931
b043xsrd,567934
b043xsrg,567937
p00ydql3,567940
b043xsv7,567944
b043xsvt,567948
b043xsy2,567953
b043xsyg,567956
b043xsz2,567960
b043xt4j,567963
b043xt4l,567967
p00ydqkz,567974
b043xv03,567979
b043xv05,567982
p00ydqkv,567988
b043xw79,567991
b0440fjg,567994
b0440fjj,567997
b0440fjl,568000
b0440fjn,568004
b0440fjq,568007
b0440fjs,568010
p00ydqkm,568013
b0440ft1,568016
p00ydqjs,568019
p00ydqj7,568023
b0440ftc,568026
p00ydqj2,568029
b0440lhc,568032
p00yrrdj,568035
p00yrrgg,568038
p00yrrdb,568041
p00yrkqf,568044
p00yrkv5,568047
b0440lht,568050
p00ydqs3,568053
b0440mmh,568056
b0440mmk,568059
p00yrrd5,568062
b0440mmw,568065
b0440mmy,568068
p00yds6n,568082
p00yds5z,568085
p00yds5d,568088
b0440n5g,568091
b0440n5j,568094
b0440n5l,568097
p00ydsdx,568149
p00yds50,568152
p00yds4q,568155
p00yds45,568158
p00yds3x,568161
b0440w6f,568164
b0440xq7,568167
b0440xq9,568220
p00yds18,568223
b0440xqk,568229
p00yds0n,568232
p00ydrzt,568235
p00ydrzp,568238
p00ydsck,568241
p00ydryx,568244
p00ydry9,568252
b04412vw,568255
p00ydrxs,568258
p00ydrxj,568261
b0441r0s,568264
p00ydsb7,568267
b0441r0x,568282
p00ydrww,568285
p00ydrwr,568288
p00ydrwm,568292
p00ydrwb,568296
b0441r17,568301
b0441r19,568305
p00ydsb2,568309
b0441r1f,568314
p00ydtmp,568318
p00ydtmd,568369
p00ydtlw,568372
p00ydtlf,568376
b0441wjj,568383
p00ydtkz,568387
p00ydtkk,568409
b0441wjq,568412
p00ydtjy,568415
p00ydtjh,568417
p00ydthz,568420
p00ydtgt,568424
p00ydthf,568427
p00ydv01,568430
p00ydtfh,568436
b0441ww8,568439
p00ydtf2,568530
p00ydtdf,568538
p00ydtd4,568554
p00ydtck,568557
p00ydtbz,568560
p00ydtbg,568563
p00ydtb5,568566
b0441y42,568569
p00ydt9f,568572
p00ydt8v,568575
p00ydt8p,568578
p00ydtxp,568581
p00ydt8h,568584
p00ydt8c,568587
p00ydtxb,568590
p00ydt85,568593
p00ydt80,568596
p00ydt7n,568599
p00ydt79,568602
p00ydt74,568605
p00ydt6w,568608
p00ydt6n,568611
b0441zdk,568614
p00ydt6j,568617
p00ydt6d,568620
p00ydtwp,568623
p00ydt62,568625
p00ydt5n,568628
p00ydt58,568631
b0441zf0,568634
p00ydt4z,568637
p00ydt4v,568640
p00ydt4q,568643
p00yg310,568646
p00yg308,568649
p00yg2z5,568655
p00yg2yq,568658
p00yhgrf,568662
p00yg2yk,568665
p00yg2yf,568668
p00yg2xz,568671
p00yg2x6,568674
p00yh7zw,97444
p00z2j2q,97821
